{"cameraMode":{"drawMode":0,"name":"Shaded","section":"Shading Mode"},"sceneLighting":true,"audioPlay":false,"sceneViewState":{"showFog":true,"showMaterialUpdate":false,"showSkybox":true,"showFlares":true,"showImageEffects":true,"showParticleSystems":true},"in2DMode":false,"pivot":{"x":-9.720038414001465,"y":-3.2552337646484377,"z":179.0728302001953},"rotation":{"x":-0.10510949790477753,"y":-0.009848004207015038,"z":0.0010407138615846634,"w":-0.9944079518318176},"size":109.79442596435547,"orthographic":false}